<ImportExportXml xmlns:xsi="http://www.w3.org/2001/XMLSchema-instance">
  <Entities></Entities>
  <Roles></Roles>
  <Workflows></Workflows>
  <FieldSecurityProfiles></FieldSecurityProfiles>
  <Templates />
  <EntityMaps />
  <EntityRelationships />
  <OrganizationSettings />
  <optionsets />
  <WebResources>
    <WebResource>
      <WebResourceId>{11982b51-27fc-e011-9d26-00155dba3819}</WebResourceId>
      <Name>sample_/AssignAccounts.htm</Name>
      <DisplayName>sample_/AssignAccounts.htm</DisplayName>
      <WebResourceType>1</WebResourceType>
      <IntroducedVersion>1.0.0.2</IntroducedVersion>
      <IsEnabledForMobileClient>0</IsEnabledForMobileClient>
      <IsCustomizable>1</IsCustomizable>
      <CanBeDeleted>1</CanBeDeleted>
      <IsHidden>0</IsHidden>
      <FileName>/WebResources/sample_AssignAccountshtm11982B51-27FC-E011-9D26-00155DBA3819</FileName>
    </WebResource>
    <WebResource>
      <WebResourceId>{8c08bf6a-27fc-e011-9d26-00155dba3819}</WebResourceId>
      <Name>sample_/AssignTest.htm</Name>
      <DisplayName>sample_/AssignTest.htm</DisplayName>
      <WebResourceType>1</WebResourceType>
      <IntroducedVersion>1.0.0.2</IntroducedVersion>
      <IsEnabledForMobileClient>0</IsEnabledForMobileClient>
      <IsCustomizable>1</IsCustomizable>
      <CanBeDeleted>1</CanBeDeleted>
      <IsHidden>0</IsHidden>
      <FileName>/WebResources/sample_AssignTesthtm8C08BF6A-27FC-E011-9D26-00155DBA3819</FileName>
    </WebResource>
    <WebResource>
      <WebResourceId>{1a8b347a-27fc-e011-9d26-00155dba3819}</WebResourceId>
      <Name>sample_/MetaDataDemo.htm</Name>
      <DisplayName>sample_/MetaDataDemo.htm</DisplayName>
      <WebResourceType>1</WebResourceType>
      <IntroducedVersion>1.0.0.2</IntroducedVersion>
      <IsEnabledForMobileClient>0</IsEnabledForMobileClient>
      <IsCustomizable>1</IsCustomizable>
      <CanBeDeleted>1</CanBeDeleted>
      <IsHidden>0</IsHidden>
      <FileName>/WebResources/sample_MetaDataDemohtm1A8B347A-27FC-E011-9D26-00155DBA3819</FileName>
    </WebResource>
    <WebResource>
      <WebResourceId>{1b586ac9-27fc-e011-9d26-00155dba3819}</WebResourceId>
      <Name>sample_/Scripts/SDK.MetaData.js</Name>
      <DisplayName>sample_/Scripts/SDK.MetaData.js</DisplayName>
      <WebResourceType>3</WebResourceType>
      <IntroducedVersion>1.0.0.2</IntroducedVersion>
      <IsEnabledForMobileClient>0</IsEnabledForMobileClient>
      <IsCustomizable>1</IsCustomizable>
      <CanBeDeleted>1</CanBeDeleted>
      <IsHidden>0</IsHidden>
      <FileName>/WebResources/sample_ScriptsSDKMetaDatajs1B586AC9-27FC-E011-9D26-00155DBA3819</FileName>
    </WebResource>
    <WebResource>
      <WebResourceId>{e1287ee1-27fc-e011-9d26-00155dba3819}</WebResourceId>
      <Name>sample_/Scripts/SDK.SOAPSample.Assign.js</Name>
      <DisplayName>sample_/Scripts/SDK.SOAPSample.Assign.js</DisplayName>
      <WebResourceType>3</WebResourceType>
      <IntroducedVersion>1.0.0.2</IntroducedVersion>
      <IsEnabledForMobileClient>0</IsEnabledForMobileClient>
      <IsCustomizable>1</IsCustomizable>
      <CanBeDeleted>1</CanBeDeleted>
      <IsHidden>0</IsHidden>
      <FileName>/WebResources/sample_ScriptsSDKSOAPSampleAssignjsE1287EE1-27FC-E011-9D26-00155DBA3819</FileName>
    </WebResource>
    <WebResource>
      <WebResourceId>{7e58799b-2dfc-e011-9d26-00155dba3819}</WebResourceId>
      <Name>sample_/SOAPForJScriptConfig.htm</Name>
      <DisplayName>sample_/SOAPForJScriptConfig.htm</DisplayName>
      <WebResourceType>1</WebResourceType>
      <IntroducedVersion>1.0.0.2</IntroducedVersion>
      <IsEnabledForMobileClient>0</IsEnabledForMobileClient>
      <IsCustomizable>1</IsCustomizable>
      <CanBeDeleted>1</CanBeDeleted>
      <IsHidden>0</IsHidden>
      <FileName>/WebResources/sample_SOAPForJScriptConfightm7E58799B-2DFC-E011-9D26-00155DBA3819</FileName>
    </WebResource>
    <WebResource>
      <WebResourceId>{3419736a-7905-e111-aa36-00155dba381a}</WebResourceId>
      <Name>sample_/Scripts/SDK.REST.js</Name>
      <DisplayName>sample_/Scripts/SDK.REST.js</DisplayName>
      <Description>This library provides functions to support Create, Retrieve, Update, and Delete operations using the REST Endpoint for Web Resources.</Description>
      <WebResourceType>3</WebResourceType>
      <IntroducedVersion>1.0.0.2</IntroducedVersion>
      <IsEnabledForMobileClient>0</IsEnabledForMobileClient>
      <IsCustomizable>1</IsCustomizable>
      <CanBeDeleted>1</CanBeDeleted>
      <IsHidden>0</IsHidden>
      <FileName>/WebResources/sample_ScriptsSDKRESTjs3419736A-7905-E111-AA36-00155DBA381A</FileName>
    </WebResource>
  </WebResources>
  <Languages>
    <Language>1033</Language>
  </Languages>
</ImportExportXml>