<ImportExportXml xmlns:xsi="http://www.w3.org/2001/XMLSchema-instance">
  <Entities></Entities>
  <Roles></Roles>
  <Workflows></Workflows>
  <FieldSecurityProfiles></FieldSecurityProfiles>
  <Templates />
  <EntityMaps />
  <EntityRelationships />
  <OrganizationSettings />
  <optionsets />
  <WebResources>
    <WebResource>
      <WebResourceId>{3c17c248-d671-e411-80c6-00155db57732}</WebResourceId>
      <Name>sample_/Scripts/jquery_1.9.1.min.js</Name>
      <DisplayName>sample_/Scripts/jquery_1.9.1.min.js</DisplayName>
      <WebResourceType>3</WebResourceType>
      <IntroducedVersion>1.0.0.1</IntroducedVersion>
      <IsEnabledForMobileClient>0</IsEnabledForMobileClient>
      <IsCustomizable>1</IsCustomizable>
      <CanBeDeleted>1</CanBeDeleted>
      <IsHidden>0</IsHidden>
      <FileName>/WebResources/sample_Scriptsjquery_191minjs3C17C248-D671-E411-80C6-00155DB57732</FileName>
    </WebResource>
    <WebResource>
      <WebResourceId>{81d9e842-1bfc-e011-9d26-00155dba3819}</WebResourceId>
      <Name>sample_/RESTJQueryContactEditor.htm</Name>
      <DisplayName>sample_/RESTJQueryContactEditor.htm</DisplayName>
      <WebResourceType>1</WebResourceType>
      <IntroducedVersion>1.0.0.1</IntroducedVersion>
      <IsEnabledForMobileClient>0</IsEnabledForMobileClient>
      <IsCustomizable>1</IsCustomizable>
      <CanBeDeleted>1</CanBeDeleted>
      <IsHidden>0</IsHidden>
      <FileName>/WebResources/sample_RESTJQueryContactEditorhtm81D9E842-1BFC-E011-9D26-00155DBA3819</FileName>
    </WebResource>
    <WebResource>
      <WebResourceId>{68bf4e8a-1bfc-e011-9d26-00155dba3819}</WebResourceId>
      <Name>sample_/Scripts/RESTJQueryContactEditor.js</Name>
      <DisplayName>sample_/Scripts/RESTJQueryContactEditor.js</DisplayName>
      <WebResourceType>3</WebResourceType>
      <IntroducedVersion>1.0.0.1</IntroducedVersion>
      <IsEnabledForMobileClient>0</IsEnabledForMobileClient>
      <IsCustomizable>1</IsCustomizable>
      <CanBeDeleted>1</CanBeDeleted>
      <IsHidden>0</IsHidden>
      <FileName>/WebResources/sample_ScriptsRESTJQueryContactEditorjs68BF4E8A-1BFC-E011-9D26-00155DBA3819</FileName>
    </WebResource>
  </WebResources>
  <Languages>
    <Language>1033</Language>
  </Languages>
</ImportExportXml>