<ImportExportXml xmlns:xsi="http://www.w3.org/2001/XMLSchema-instance">
  <Entities></Entities>
  <Roles></Roles>
  <Workflows></Workflows>
  <FieldSecurityProfiles></FieldSecurityProfiles>
  <Templates />
  <EntityMaps />
  <EntityRelationships />
  <OrganizationSettings />
  <optionsets />
  <WebResources>
    <WebResource>
      <WebResourceId>{aa5e598b-5e57-e111-8695-00155dba381a}</WebResourceId>
      <Name>sample_/JavaScriptRESTRetrieveMultiple.htm</Name>
      <DisplayName>sample_/JavaScriptRESTRetrieveMultiple.htm</DisplayName>
      <Description>This HTML Web resource provides the User Interface and JavaScript logic for the JavaScript REST RetrieveMultiple sample.

This HTML page depends on the SDK.REST.js sample library.</Description>
      <WebResourceType>1</WebResourceType>
      <IntroducedVersion>1.0.0.0</IntroducedVersion>
      <IsEnabledForMobileClient>0</IsEnabledForMobileClient>
      <IsCustomizable>1</IsCustomizable>
      <CanBeDeleted>1</CanBeDeleted>
      <IsHidden>0</IsHidden>
      <FileName>/WebResources/sample_JavaScriptRESTRetrieveMultiplehtmAA5E598B-5E57-E111-8695-00155DBA381A</FileName>
    </WebResource>
    <WebResource>
      <WebResourceId>{808813ae-5e57-e111-8695-00155dba381a}</WebResourceId>
      <Name>sample_/Styles/JavaScriptRESTRetrieveMultiple.css</Name>
      <DisplayName>sample_/Styles/JavaScriptRESTRetrieveMultiple.css</DisplayName>
      <Description>This CSS web resource provides styles for the sample_/JavaScriptRESTRetrieveMultiple.htm web resource in the JavaScript REST RetrieveMultiple sample</Description>
      <WebResourceType>2</WebResourceType>
      <IntroducedVersion>1.0.0.0</IntroducedVersion>
      <IsEnabledForMobileClient>0</IsEnabledForMobileClient>
      <IsCustomizable>1</IsCustomizable>
      <CanBeDeleted>1</CanBeDeleted>
      <IsHidden>0</IsHidden>
      <FileName>/WebResources/sample_StylesJavaScriptRESTRetrieveMultiplecss808813AE-5E57-E111-8695-00155DBA381A</FileName>
    </WebResource>
    <WebResource>
      <WebResourceId>{3419736a-7905-e111-aa36-00155dba381a}</WebResourceId>
      <Name>sample_/Scripts/SDK.REST.js</Name>
      <DisplayName>sample_/Scripts/SDK.REST.js</DisplayName>
      <Description>This library provides functions to support Create, Retrieve, Update, and Delete operations using the REST Endpoint for Web Resources.</Description>
      <WebResourceType>3</WebResourceType>
      <IntroducedVersion>1.0.0.0</IntroducedVersion>
      <IsEnabledForMobileClient>0</IsEnabledForMobileClient>
      <IsCustomizable>1</IsCustomizable>
      <CanBeDeleted>1</CanBeDeleted>
      <IsHidden>0</IsHidden>
      <FileName>/WebResources/sample_ScriptsSDKRESTjs3419736A-7905-E111-AA36-00155DBA381A</FileName>
    </WebResource>
  </WebResources>
  <Languages>
    <Language>1033</Language>
  </Languages>
</ImportExportXml>